{"cameraMode":{"drawMode":0,"name":"Shaded","section":"Shading Mode"},"sceneLighting":true,"audioPlay":false,"sceneViewState":{"m_AlwaysRefresh":false,"showFog":true,"showSkybox":true,"showFlares":true,"showImageEffects":true,"showParticleSystems":true,"showVisualEffectGraphs":true,"m_FxEnabled":true},"in2DMode":false,"pivot":{"x":0.6036546230316162,"y":0.39268481731414797,"z":-0.02479410171508789},"rotation":{"x":-0.329286128282547,"y":-0.3253779411315918,"z":0.12202555686235428,"w":-0.8779807686805725},"size":7.433526992797852,"orthographic":false}